{
  "total_pnl": -81668.4726632772,
  "intarian_pnl": -80750.63299336052,
  "ash_pnl": -917.839669916692,
  "total_trades": 51,
  "peak_equity": 37625.74016330143,
  "max_drawdown": 4.132659204034261,
  "final_intarian_qty": 6.272518570586759,
  "final_ash_qty": 10.22501460388398
}